<?xml version="1.0"?>
<SpineML xmlns:xsi="http://www.w3.org/2001/XMLSchema-instance" xmlns="http://www.shef.ac.uk/SpineMLComponentLayer" xsi:schemaLocation="http://www.shef.ac.uk/SpineMLComponentLayer SpineMLComponentLayer.xsd">
 <ComponentClass name="CUBA exp" type="postsynapse">
  <Annotation>
   <SpineCreator/>
  </Annotation>
  <Dynamics initial_regime="decaying">
   <Regime name="decaying">
    <TimeDerivative variable="I_syn">
     <MathInline>- I_syn / tau_syn</MathInline>
    </TimeDerivative>
    <OnImpulse target_regime="decaying" src_port="I">
     <StateAssignment variable="I_syn">
      <MathInline>I_syn+I</MathInline>
     </StateAssignment>
    </OnImpulse>
   </Regime>
   <StateVariable name="I_syn" dimension="nA"/>
  </Dynamics>
  <AnalogSendPort name="I_syn"/>
  <ImpulseReceivePort name="I" dimension="?"/>
  <Parameter name="tau_syn" dimension="ms"/>
 </ComponentClass>
</SpineML>
