<?xml version="1.0"?>
<SpineML xmlns:xsi="http://www.w3.org/2001/XMLSchema-instance" xmlns="http://www.shef.ac.uk/SpineMLComponentLayer" xsi:schemaLocation="http://www.shef.ac.uk/SpineMLComponentLayer SpineMLComponentLayer.xsd">
 <ComponentClass name="FixedWeight" type="weight_update">
  <Annotation>
   <SpineCreator/>
  </Annotation>
  <Dynamics initial_regime="integrating">
   <Regime name="integrating">
    <OnEvent target_regime="integrating" src_port="spike">
     <ImpulseOut port="w"/>
    </OnEvent>
   </Regime>
  </Dynamics>
  <EventReceivePort name="spike"/>
  <ImpulseSendPort name="w"/>
  <Parameter name="w" dimension="?"/>
 </ComponentClass>
</SpineML>
