<?xml version="1.0" encoding="UTF-8"?>
<LL:SpineML xmlns:xsi="http://www.w3.org/2001/XMLSchema-instance" xmlns="http://www.shef.ac.uk/SpineMLNetworkLayer" xmlns:LL="http://www.shef.ac.uk/SpineMLLowLevelNetworkLayer" xsi:schemaLocation="http://www.shef.ac.uk/SpineMLLowLevelNetworkLayer SpineMLLowLevelNetworkLayer.xsd http://www.shef.ac.uk/SpineMLNetworkLayer SpineMLNetworkLayer.xsd" name="Tutorial">
    <LL:Population>
        <LL:Annotation>
            <SpineCreator>
                <xPos value="-2.98"/>
                <yPos value="7.36"/>
                <animSpeed value="0.2"/>
                <aspectRatio value="1.66667"/>
                <colour red="0" green="0" blue="255"/>
                <size value="1"/>
                <tag value="-1"/>
                <x3D value="0"/>
                <y3D value="0"/>
                <z3D value="0"/>
                <is_visualised value="0"/>
            </SpineCreator>
        </LL:Annotation>
        <LL:Neuron name="Excitatory" size="3200" url="IAF.xml">
            <Property name="C_m" dimension="pF">
                <FixedValue value="0.2"/>
            </Property>
            <Property name="i_offset" dimension="nA">
                <FixedValue value="0"/>
            </Property>
            <Property name="v_thresh" dimension="mV">
                <FixedValue value="-50"/>
            </Property>
            <Property name="v_rest" dimension="mV">
                <FixedValue value="-49"/>
            </Property>
            <Property name="v_reset" dimension="mV">
                <FixedValue value="-60"/>
            </Property>
            <Property name="tau_m" dimension="ms">
                <FixedValue value="20"/>
            </Property>
            <Property name="t_refrac" dimension="ms">
                <FixedValue value="5"/>
            </Property>
            <Property name="v" dimension="mV">
                <UniformDistribution minimum="-60" maximum="-50" seed="5.395e-43"/>
            </Property>
            <Property name="t_spike" dimension="ms">
                <FixedValue value="0"/>
            </Property>
        </LL:Neuron>
        <Layout url="none.xml" seed="123" minimum_distance="0"/>
        <LL:Projection dst_population="Inhibitory">
            <LL:Annotation>
                <SpineCreator>
                    <DrawOptions style="4" showlabel="0"/>
                    <start x="-3.3523" y="6.86"/>
                    <curves>
                        <curve>
                            <C1 xpos="-3.37951" ypos="5.09059"/>
                            <C2 xpos="-3.0403" ypos="7.19069"/>
                            <end xpos="-3.10608" ypos="4.66057"/>
                        </curve>
                    </curves>
                </SpineCreator>
            </LL:Annotation>
            <LL:Synapse>
                <FixedProbabilityConnection probability="0.02" seed="123">
                    <Delay dimension="ms">
                        <FixedValue value="0.1"/>
                    </Delay>
                </FixedProbabilityConnection>
                <LL:WeightUpdate name="Excitatory to Inhibitory Synapse 0 weight_update" url="FixedWeight.xml" input_src_port="spike" input_dst_port="spike">
                    <Property name="w" dimension="?">
                        <FixedValue value="0.0162"/>
                    </Property>
                </LL:WeightUpdate>
                <LL:PostSynapse name="Excitatory to Inhibitory Synapse 0 postsynapse" url="CUBA_exp.xml" input_src_port="w" input_dst_port="I" output_src_port="I_syn" output_dst_port="I_syn">
                    <Property name="tau_syn" dimension="ms">
                        <FixedValue value="5"/>
                    </Property>
                    <Property name="I_syn" dimension="nA">
                        <FixedValue value="0"/>
                    </Property>
                </LL:PostSynapse>
            </LL:Synapse>
        </LL:Projection>
        <LL:Projection dst_population="Excitatory">
            <LL:Annotation>
                <SpineCreator>
                    <DrawOptions style="4" showlabel="0"/>
                    <start x="-2.14667" y="7.27655"/>
                    <curves>
                        <curve>
                            <C1 xpos="-1.24126" ypos="7.32116"/>
                            <C2 xpos="-2.04321" ypos="5.79437"/>
                            <end xpos="-2.38095" ypos="6.86"/>
                        </curve>
                    </curves>
                </SpineCreator>
            </LL:Annotation>
            <LL:Synapse>
                <FixedProbabilityConnection probability="0.02" seed="123">
                    <Delay dimension="ms">
                        <FixedValue value="0.1"/>
                    </Delay>
                </FixedProbabilityConnection>
                <LL:WeightUpdate name="Excitatory to Excitatory Synapse 0 weight_update" url="FixedWeight.xml" input_src_port="spike" input_dst_port="spike">
                    <Property name="w" dimension="?">
                        <FixedValue value="0.0162"/>
                    </Property>
                </LL:WeightUpdate>
                <LL:PostSynapse name="Excitatory to Excitatory Synapse 0 postsynapse" url="CUBA_exp.xml" input_src_port="w" input_dst_port="I" output_src_port="I_syn" output_dst_port="I_syn">
                    <Property name="tau_syn" dimension="ms">
                        <FixedValue value="5"/>
                    </Property>
                    <Property name="I_syn" dimension="nA">
                        <FixedValue value="0"/>
                    </Property>
                </LL:PostSynapse>
            </LL:Synapse>
        </LL:Projection>
    </LL:Population>
    <LL:Population>
        <LL:Annotation>
            <SpineCreator>
                <xPos value="-2.85253"/>
                <yPos value="4.16029"/>
                <animSpeed value="0.2"/>
                <aspectRatio value="1.66667"/>
                <colour red="255" green="0" blue="0"/>
                <size value="1"/>
                <tag value="-1"/>
                <x3D value="0"/>
                <y3D value="0"/>
                <z3D value="0"/>
                <is_visualised value="0"/>
            </SpineCreator>
        </LL:Annotation>
        <LL:Neuron name="Inhibitory" size="800" url="IAF.xml">
            <Property name="C_m" dimension="pF">
                <FixedValue value="0.2"/>
            </Property>
            <Property name="i_offset" dimension="nA">
                <FixedValue value="0"/>
            </Property>
            <Property name="v_thresh" dimension="mV">
                <FixedValue value="-50"/>
            </Property>
            <Property name="v_rest" dimension="mV">
                <FixedValue value="-49"/>
            </Property>
            <Property name="v_reset" dimension="mV">
                <FixedValue value="-60"/>
            </Property>
            <Property name="tau_m" dimension="ms">
                <FixedValue value="20"/>
            </Property>
            <Property name="t_refrac" dimension="ms">
                <FixedValue value="5"/>
            </Property>
            <Property name="v" dimension="mV">
                <UniformDistribution minimum="-60" maximum="-50" seed="6.86636e-44"/>
            </Property>
            <Property name="t_spike" dimension="ms">
                <FixedValue value="0"/>
            </Property>
        </LL:Neuron>
        <Layout url="none.xml" seed="123" minimum_distance="0"/>
        <LL:Projection dst_population="Excitatory">
            <LL:Annotation>
                <SpineCreator>
                    <DrawOptions style="4" showlabel="0"/>
                    <start x="-2.85541" y="4.66057"/>
                    <curves>
                        <curve>
                            <C1 xpos="-2.86602" ypos="6.91549"/>
                            <C2 xpos="-2.71927" ypos="5.41154"/>
                            <end xpos="-2.75981" ypos="6.86"/>
                        </curve>
                    </curves>
                </SpineCreator>
            </LL:Annotation>
            <LL:Synapse>
                <FixedProbabilityConnection probability="0.02" seed="123">
                    <Delay dimension="ms">
                        <FixedValue value="0.1"/>
                    </Delay>
                </FixedProbabilityConnection>
                <LL:WeightUpdate name="Inhibitory to Excitatory Synapse 0 weight_update" url="FixedWeight.xml" input_src_port="spike" input_dst_port="spike">
                    <Property name="w" dimension="?">
                        <FixedValue value="-0.63"/>
                    </Property>
                </LL:WeightUpdate>
                <LL:PostSynapse name="Inhibitory to Excitatory Synapse 0 postsynapse" url="CUBA_exp.xml" input_src_port="w" input_dst_port="I" output_src_port="I_syn" output_dst_port="I_syn">
                    <Property name="tau_syn" dimension="ms">
                        <FixedValue value="5"/>
                    </Property>
                    <Property name="I_syn" dimension="nA">
                        <FixedValue value="0"/>
                    </Property>
                </LL:PostSynapse>
            </LL:Synapse>
        </LL:Projection>
        <LL:Projection dst_population="Inhibitory">
            <LL:Annotation>
                <SpineCreator>
                    <DrawOptions style="4" showlabel="0"/>
                    <start x="0" y="0"/>
                    <curves/>
                </SpineCreator>
            </LL:Annotation>
            <LL:Synapse>
                <FixedProbabilityConnection probability="0.02" seed="123">
                    <Delay dimension="ms">
                        <FixedValue value="0.1"/>
                    </Delay>
                </FixedProbabilityConnection>
                <LL:WeightUpdate name="Inhibitory to Inhibitory Synapse 0 weight_update" url="FixedWeight.xml" input_src_port="spike" input_dst_port="spike">
                    <Property name="w" dimension="?">
                        <FixedValue value="-0.63"/>
                    </Property>
                </LL:WeightUpdate>
                <LL:PostSynapse name="Inhibitory to Inhibitory Synapse 0 postsynapse" url="CUBA_exp.xml" input_src_port="w" input_dst_port="I" output_src_port="I_syn" output_dst_port="I_syn">
                    <Property name="tau_syn" dimension="ms">
                        <FixedValue value="5"/>
                    </Property>
                    <Property name="I_syn" dimension="nA">
                        <FixedValue value="0"/>
                    </Property>
                </LL:PostSynapse>
            </LL:Synapse>
        </LL:Projection>
    </LL:Population>
</LL:SpineML>
